country,Code,Date,total_vaccinations
Algeria,DZA,2021-01-29,0
Algeria,DZA,2021-01-30,30
Andorra,AND,2021-01-25,576
Andorra,AND,2021-02-01,1036
Argentina,ARG,2020-12-29,700
Argentina,ARG,2020-12-31,32013
Argentina,ARG,2021-01-04,39599
Argentina,ARG,2021-01-08,107542
Argentina,ARG,2021-01-13,166833
Argentina,ARG,2021-01-15,200759
Argentina,ARG,2021-01-20,247933
Argentina,ARG,2021-01-21,265724
Argentina,ARG,2021-01-22,279602
Argentina,ARG,2021-01-23,288064
Argentina,ARG,2021-01-24,292023
Argentina,ARG,2021-01-25,292386
Argentina,ARG,2021-01-26,305880
Argentina,ARG,2021-01-27,318033
Argentina,ARG,2021-01-28,327999
Argentina,ARG,2021-01-29,344034
Argentina,ARG,2021-01-30,366384
Argentina,ARG,2021-02-01,375851
Argentina,ARG,2021-02-03,396562
Austria,AUT,2021-01-10,6784
Austria,AUT,2021-01-11,11559
Austria,AUT,2021-01-12,13172
Austria,AUT,2021-01-13,20064
Austria,AUT,2021-01-14,29359
Austria,AUT,2021-01-15,39751
Austria,AUT,2021-01-16,50402
Austria,AUT,2021-01-17,55450
Austria,AUT,2021-01-18,61012
Austria,AUT,2021-01-19,71508
Austria,AUT,2021-01-20,88895
Austria,AUT,2021-01-21,108252
Austria,AUT,2021-01-22,124756
Austria,AUT,2021-01-23,136348
Austria,AUT,2021-01-24,139538
Austria,AUT,2021-01-25,141350
Austria,AUT,2021-01-26,150933
Austria,AUT,2021-01-27,158985
Austria,AUT,2021-01-28,169439
Austria,AUT,2021-01-29,181419
Austria,AUT,2021-01-30,197179
Austria,AUT,2021-01-31,200498
Austria,AUT,2021-02-01,202345
Austria,AUT,2021-02-02,208988
Austria,AUT,2021-02-03,222520
Bahrain,BHR,2020-12-23,38965
Bahrain,BHR,2020-12-24,50071
Bahrain,BHR,2020-12-25,50543
Bahrain,BHR,2020-12-26,51556
Bahrain,BHR,2020-12-27,53614
Bahrain,BHR,2020-12-28,55014
Bahrain,BHR,2020-12-29,56041
Bahrain,BHR,2020-12-30,57317
Bahrain,BHR,2020-12-31,58643
Bahrain,BHR,2021-01-01,59351
Bahrain,BHR,2021-01-02,60097
Bahrain,BHR,2021-01-03,60689
Bahrain,BHR,2021-01-04,61612
Bahrain,BHR,2021-01-05,63893
Bahrain,BHR,2021-01-06,68472
Bahrain,BHR,2021-01-07,72239
Bahrain,BHR,2021-01-08,78291
Bahrain,BHR,2021-01-09,84157
Bahrain,BHR,2021-01-10,89250
Bahrain,BHR,2021-01-11,92598
Bahrain,BHR,2021-01-12,97776
Bahrain,BHR,2021-01-13,101363
Bahrain,BHR,2021-01-14,109566
Bahrain,BHR,2021-01-15,122819
Bahrain,BHR,2021-01-16,137159
Bahrain,BHR,2021-01-17,141563
Bahrain,BHR,2021-01-18,142831
Bahrain,BHR,2021-01-19,143596
Bahrain,BHR,2021-01-20,144130
Bahrain,BHR,2021-01-26,165953
Bahrain,BHR,2021-01-27,167731
Bahrain,BHR,2021-01-28,169440
Bahrain,BHR,2021-01-29,169810
Bahrain,BHR,2021-01-30,170433
Bahrain,BHR,2021-01-31,171568
Bahrain,BHR,2021-02-01,172912
Bahrain,BHR,2021-02-02,174075
Bahrain,BHR,2021-02-03,175094
Bangladesh,BGD,2021-01-26,0
Bangladesh,BGD,2021-01-27,26
Bangladesh,BGD,2021-01-28,567
Belgium,BEL,2020-12-28,298
Belgium,BEL,2020-12-29,299
Belgium,BEL,2020-12-30,778
Belgium,BEL,2020-12-31,787
Belgium,BEL,2021-01-01,794
Belgium,BEL,2021-01-04,795
Belgium,BEL,2021-01-05,2377
Belgium,BEL,2021-01-06,6241
Belgium,BEL,2021-01-07,14345
Belgium,BEL,2021-01-08,23484
Belgium,BEL,2021-01-09,26660
Belgium,BEL,2021-01-10,27055
Belgium,BEL,2021-01-11,32489
Belgium,BEL,2021-01-12,47906
Belgium,BEL,2021-01-13,68280
Belgium,BEL,2021-01-14,89802
Belgium,BEL,2021-01-15,112213
Belgium,BEL,2021-01-16,117186
Belgium,BEL,2021-01-17,120317
Belgium,BEL,2021-01-18,130490
Belgium,BEL,2021-01-19,149008
Belgium,BEL,2021-01-20,169148
Belgium,BEL,2021-01-21,197855
Belgium,BEL,2021-01-22,226205
Belgium,BEL,2021-01-23,233750
Belgium,BEL,2021-01-24,235594
Belgium,BEL,2021-01-25,246049
Belgium,BEL,2021-01-26,257100
Belgium,BEL,2021-01-27,271475
Belgium,BEL,2021-01-28,290995
Belgium,BEL,2021-01-29,307798
Belgium,BEL,2021-01-30,311459
Belgium,BEL,2021-01-31,312303
Belgium,BEL,2021-02-01,317614
Belgium,BEL,2021-02-02,327095
Bermuda,BMU,2021-01-10,0
Bermuda,BMU,2021-01-16,1665
Bermuda,BMU,2021-01-23,2932
Bermuda,BMU,2021-01-30,4897
Bermuda,BMU,2021-02-02,5200
Brazil,BRA,2021-01-16,0
Brazil,BRA,2021-01-17,112
Brazil,BRA,2021-01-18,1109
Brazil,BRA,2021-01-19,11470
Brazil,BRA,2021-01-20,28543
Brazil,BRA,2021-01-21,136519
Brazil,BRA,2021-01-22,245877
Brazil,BRA,2021-01-23,537774
Brazil,BRA,2021-01-24,604722
Brazil,BRA,2021-01-25,700608
Brazil,BRA,2021-01-26,848883
Brazil,BRA,2021-01-27,1129885
Brazil,BRA,2021-01-28,1450900
Brazil,BRA,2021-01-29,1668032
Brazil,BRA,2021-01-30,2003211
Brazil,BRA,2021-01-31,2074059
Brazil,BRA,2021-02-01,2124307
Brazil,BRA,2021-02-02,2292551
Brazil,BRA,2021-02-03,2521704
Bulgaria,BGR,2020-12-29,1719
Bulgaria,BGR,2020-12-30,4608
Bulgaria,BGR,2021-01-01,4739
Bulgaria,BGR,2021-01-05,5448
Bulgaria,BGR,2021-01-06,7913
Bulgaria,BGR,2021-01-07,11117
Bulgaria,BGR,2021-01-08,13355
Bulgaria,BGR,2021-01-09,13473
Bulgaria,BGR,2021-01-11,14161
Bulgaria,BGR,2021-01-12,15780
Bulgaria,BGR,2021-01-13,17038
Bulgaria,BGR,2021-01-14,17686
Bulgaria,BGR,2021-01-15,18126
Bulgaria,BGR,2021-01-16,18332
Bulgaria,BGR,2021-01-17,18453
Bulgaria,BGR,2021-01-18,19638
Bulgaria,BGR,2021-01-19,22226
Bulgaria,BGR,2021-01-20,24127
Bulgaria,BGR,2021-01-21,25251
Bulgaria,BGR,2021-01-22,26101
Bulgaria,BGR,2021-01-23,26119
Bulgaria,BGR,2021-01-24,26143
Bulgaria,BGR,2021-01-25,26798
Bulgaria,BGR,2021-01-26,29122
Bulgaria,BGR,2021-01-27,32917
Bulgaria,BGR,2021-01-28,37636
Bulgaria,BGR,2021-01-29,40805
Bulgaria,BGR,2021-01-30,41020
Bulgaria,BGR,2021-01-31,41125
Bulgaria,BGR,2021-02-01,42634
Bulgaria,BGR,2021-02-02,45917
Bulgaria,BGR,2021-02-03,50124
Canada,CAN,2020-12-19,8734
Canada,CAN,2020-12-26,33734
Canada,CAN,2021-01-02,77521
Canada,CAN,2021-01-12,267078
Canada,CAN,2021-01-13,288488
Canada,CAN,2021-01-14,310788
Canada,CAN,2021-01-15,342227
Canada,CAN,2021-01-18,422864
Canada,CAN,2021-01-19,459780
Canada,CAN,2021-01-20,485739
Canada,CAN,2021-01-21,706464
Canada,CAN,2021-01-22,752377
Canada,CAN,2021-01-25,802354
Canada,CAN,2021-01-26,827042
Canada,CAN,2021-01-27,890536
Canada,CAN,2021-01-28,910676
Canada,CAN,2021-01-29,937338
Canada,CAN,2021-02-01,974690
Canada,CAN,2021-02-02,985975
Canada,CAN,2021-02-03,999253
Cayman Islands,CYM,2020-12-26,0
Chile,CHL,2020-12-24,420
Chile,CHL,2020-12-25,5191
Chile,CHL,2020-12-26,8335
Chile,CHL,2020-12-27,8646
Chile,CHL,2021-01-04,9051
Chile,CHL,2021-01-05,10494
Chile,CHL,2021-01-06,10699
Chile,CHL,2021-01-13,14612
Chile,CHL,2021-01-14,18526
Chile,CHL,2021-01-15,21876
Chile,CHL,2021-01-16,21937
Chile,CHL,2021-01-17,21972
Chile,CHL,2021-01-18,32385
Chile,CHL,2021-01-19,50924
Chile,CHL,2021-01-20,54036
Chile,CHL,2021-01-21,62822
Chile,CHL,2021-01-22,63047
Chile,CHL,2021-01-23,63939
Chile,CHL,2021-01-25,64286
Chile,CHL,2021-01-26,66569
Chile,CHL,2021-01-27,67096
Chile,CHL,2021-01-28,67111
Chile,CHL,2021-01-29,67115
Chile,CHL,2021-01-30,67123
Chile,CHL,2021-02-02,77399
Chile,CHL,2021-02-03,138684
China,CHN,2020-12-15,1500000
China,CHN,2020-12-31,4500000
China,CHN,2021-01-09,9000000
China,CHN,2021-01-13,10000000
China,CHN,2021-01-20,15000000
China,CHN,2021-01-27,22767000
China,CHN,2021-01-31,24000000
Costa Rica,CRI,2020-12-24,55
Costa Rica,CRI,2021-01-03,2455
Costa Rica,CRI,2021-01-08,9751
Costa Rica,CRI,2021-01-15,24859
Costa Rica,CRI,2021-01-18,29389
Costa Rica,CRI,2021-01-25,48128
Costa Rica,CRI,2021-02-01,57701
Croatia,HRV,2020-12-30,7864
Croatia,HRV,2021-01-03,12285
Croatia,HRV,2021-01-05,13798
Croatia,HRV,2021-01-07,20603
Croatia,HRV,2021-01-08,24985
Croatia,HRV,2021-01-09,30000
Croatia,HRV,2021-01-13,34553
Croatia,HRV,2021-01-14,38000
Croatia,HRV,2021-01-15,41532
Croatia,HRV,2021-01-16,45906
Croatia,HRV,2021-01-19,54304
Croatia,HRV,2021-01-22,64951
Croatia,HRV,2021-01-25,69984
Croatia,HRV,2021-01-29,80000
Croatia,HRV,2021-02-01,83928
Croatia,HRV,2021-02-03,87929
Cyprus,CYP,2021-01-06,3901
Cyprus,CYP,2021-01-10,6035
Cyprus,CYP,2021-01-15,10226
Cyprus,CYP,2021-01-22,17379
Cyprus,CYP,2021-01-29,25168
Czechia,CZE,2020-12-27,1254
Czechia,CZE,2020-12-28,3537
Czechia,CZE,2020-12-29,6976
Czechia,CZE,2020-12-30,10439
Czechia,CZE,2020-12-31,11743
Czechia,CZE,2021-01-01,12005
Czechia,CZE,2021-01-02,13261
Czechia,CZE,2021-01-03,14175
Czechia,CZE,2021-01-04,17738
Czechia,CZE,2021-01-05,22248
Czechia,CZE,2021-01-06,28043
Czechia,CZE,2021-01-07,35947
Czechia,CZE,2021-01-08,45852
Czechia,CZE,2021-01-09,47838
Czechia,CZE,2021-01-10,49546
Czechia,CZE,2021-01-11,59242
Czechia,CZE,2021-01-12,72548
Czechia,CZE,2021-01-13,85980
Czechia,CZE,2021-01-14,100663
Czechia,CZE,2021-01-15,114127
Czechia,CZE,2021-01-16,117433
Czechia,CZE,2021-01-17,120471
Czechia,CZE,2021-01-18,134135
Czechia,CZE,2021-01-19,148803
Czechia,CZE,2021-01-20,164173
Czechia,CZE,2021-01-21,180667
Czechia,CZE,2021-01-22,195937
Czechia,CZE,2021-01-23,199589
Czechia,CZE,2021-01-24,202591
Czechia,CZE,2021-01-25,214843
Czechia,CZE,2021-01-26,228991
Czechia,CZE,2021-01-27,242186
Czechia,CZE,2021-01-28,255147
Czechia,CZE,2021-01-29,268795
Czechia,CZE,2021-01-30,270555
Czechia,CZE,2021-01-31,272369
Czechia,CZE,2021-02-01,283365
Czechia,CZE,2021-02-02,296940
Czechia,CZE,2021-02-03,310340
Denmark,DNK,2020-12-27,6645
Denmark,DNK,2020-12-28,8643
Denmark,DNK,2020-12-29,17766
Denmark,DNK,2020-12-30,29409
Denmark,DNK,2020-12-31,35746
Denmark,DNK,2021-01-01,38131
Denmark,DNK,2021-01-02,47164
Denmark,DNK,2021-01-03,53283
Denmark,DNK,2021-01-04,55739
Denmark,DNK,2021-01-05,69464
Denmark,DNK,2021-01-06,89604
Denmark,DNK,2021-01-07,107404
Denmark,DNK,2021-01-08,115966
Denmark,DNK,2021-01-09,117873
Denmark,DNK,2021-01-10,118688
Denmark,DNK,2021-01-11,119346
Denmark,DNK,2021-01-12,119807
Denmark,DNK,2021-01-13,132482
Denmark,DNK,2021-01-14,150359
Denmark,DNK,2021-01-15,165550
Denmark,DNK,2021-01-16,170154
Denmark,DNK,2021-01-17,173420
Denmark,DNK,2021-01-18,179453
Denmark,DNK,2021-01-19,184072
Denmark,DNK,2021-01-20,187504
Denmark,DNK,2021-01-21,191386
Denmark,DNK,2021-01-22,197764
Denmark,DNK,2021-01-23,205679
Denmark,DNK,2021-01-24,212894
Denmark,DNK,2021-01-25,215611
Denmark,DNK,2021-01-26,217563
Denmark,DNK,2021-01-27,222182
Denmark,DNK,2021-01-28,230522
Denmark,DNK,2021-01-29,249249
Denmark,DNK,2021-01-30,263242
Denmark,DNK,2021-01-31,276361
Denmark,DNK,2021-02-01,284676
Denmark,DNK,2021-02-02,289511
Denmark,DNK,2021-02-03,289512
Ecuador,ECU,2021-01-21,0
Ecuador,ECU,2021-01-22,108
Ecuador,ECU,2021-01-28,2982
Egypt,EGY,2021-01-24,0
Egypt,EGY,2021-01-30,1315
England,,2020-12-20,570199
England,,2020-12-27,835475
England,,2021-01-03,1182209
England,,2021-01-10,2333764
England,,2021-01-11,2474205
England,,2021-01-12,2661850
England,,2021-01-13,2910027
England,,2021-01-14,3189674
England,,2021-01-15,3514385
England,,2021-01-16,3791594
England,,2021-01-17,3947442
England,,2021-01-18,4118342
England,,2021-01-19,4419704
England,,2021-01-20,4740578
England,,2021-01-21,5100475
England,,2021-01-22,5526071
England,,2021-01-23,5970175
England,,2021-01-24,6169377
England,,2021-01-25,6405554
England,,2021-01-26,6665861
England,,2021-01-27,6918853
England,,2021-01-28,7263317
England,,2021-01-29,7701203
England,,2021-01-30,8251146
England,,2021-01-31,8543262
England,,2021-02-01,8825371
England,,2021-02-02,9126930
Estonia,EST,2020-12-28,207
Estonia,EST,2020-12-29,516
Estonia,EST,2020-12-30,884
Estonia,EST,2020-12-31,1907
Estonia,EST,2021-01-01,2487
Estonia,EST,2021-01-03,2517
Estonia,EST,2021-01-04,2535
Estonia,EST,2021-01-05,3188
Estonia,EST,2021-01-06,5009
Estonia,EST,2021-01-07,6632
Estonia,EST,2021-01-08,7973
Estonia,EST,2021-01-09,10197
Estonia,EST,2021-01-10,10749
Estonia,EST,2021-01-11,10972
Estonia,EST,2021-01-12,11896
Estonia,EST,2021-01-13,13481
Estonia,EST,2021-01-14,14879
Estonia,EST,2021-01-15,16677
Estonia,EST,2021-01-16,17959
Estonia,EST,2021-01-17,18179
Estonia,EST,2021-01-18,18275
Estonia,EST,2021-01-19,19315
Estonia,EST,2021-01-20,20478
Estonia,EST,2021-01-21,21985
Estonia,EST,2021-01-22,24196
Estonia,EST,2021-01-23,25704
Estonia,EST,2021-01-24,25964
Estonia,EST,2021-01-25,26126
Estonia,EST,2021-01-26,27180
Estonia,EST,2021-01-27,29594
Estonia,EST,2021-01-28,31629
Estonia,EST,2021-01-29,34019
Estonia,EST,2021-01-30,37230
Estonia,EST,2021-01-31,38055
Estonia,EST,2021-02-01,38594
Estonia,EST,2021-02-02,40217
Estonia,EST,2021-02-03,43000
European Union,,2020-12-26,1008
European Union,,2020-12-27,47506
European Union,,2020-12-28,88714
European Union,,2020-12-29,171225
European Union,,2020-12-30,309359
European Union,,2020-12-31,404303
European Union,,2021-01-01,444792
European Union,,2021-01-02,549001
European Union,,2021-01-03,639431
European Union,,2021-01-04,916547
European Union,,2021-01-05,1214197
European Union,,2021-01-06,1468946
European Union,,2021-01-07,1861817
European Union,,2021-01-08,2248548
European Union,,2021-01-09,2437973
European Union,,2021-01-10,2650116
European Union,,2021-01-11,3080837
European Union,,2021-01-12,3523689
European Union,,2021-01-13,4080132
European Union,,2021-01-14,4611185
European Union,,2021-01-15,5147159
European Union,,2021-01-16,5361815
European Union,,2021-01-17,5598131
European Union,,2021-01-18,6053378
European Union,,2021-01-19,6535427
European Union,,2021-01-20,7117759
European Union,,2021-01-21,7682013
European Union,,2021-01-22,8343966
European Union,,2021-01-23,8633070
European Union,,2021-01-24,8991217
European Union,,2021-01-25,9478368
European Union,,2021-01-26,10110705
European Union,,2021-01-27,10723416
European Union,,2021-01-28,11438981
European Union,,2021-01-29,12034203
European Union,,2021-01-30,12388187
European Union,,2021-01-31,12806307
European Union,,2021-02-01,13379447
European Union,,2021-02-02,14067387
European Union,,2021-02-03,14334885
Faeroe Islands,FRO,2021-01-29,3994
Finland,FIN,2020-12-31,1767
Finland,FIN,2021-01-04,3604
Finland,FIN,2021-01-05,5445
Finland,FIN,2021-01-07,8155
Finland,FIN,2021-01-08,11135
Finland,FIN,2021-01-11,14196
Finland,FIN,2021-01-12,17617
Finland,FIN,2021-01-13,23126
Finland,FIN,2021-01-14,33033
Finland,FIN,2021-01-15,43143
Finland,FIN,2021-01-18,54568
Finland,FIN,2021-01-19,55824
Finland,FIN,2021-01-20,62061
Finland,FIN,2021-01-21,78300
Finland,FIN,2021-01-22,91260
Finland,FIN,2021-01-25,110651
Finland,FIN,2021-01-26,117007
Finland,FIN,2021-01-27,126910
Finland,FIN,2021-01-28,138323
Finland,FIN,2021-01-29,151790
Finland,FIN,2021-01-30,162277
Finland,FIN,2021-02-01,163760
Finland,FIN,2021-02-02,163973
Finland,FIN,2021-02-03,173372
France,FRA,2020-12-27,13
France,FRA,2020-12-28,52
France,FRA,2020-12-29,138
France,FRA,2020-12-30,237
France,FRA,2020-12-31,316
France,FRA,2021-01-01,325
France,FRA,2021-01-02,367
France,FRA,2021-01-03,441
France,FRA,2021-01-04,1800
France,FRA,2021-01-05,6744
France,FRA,2021-01-06,17064
France,FRA,2021-01-07,43282
France,FRA,2021-01-08,76022
France,FRA,2021-01-09,86315
France,FRA,2021-01-10,91629
France,FRA,2021-01-11,125412
France,FRA,2021-01-12,179119
France,FRA,2021-01-13,235786
France,FRA,2021-01-14,306206
France,FRA,2021-01-15,364846
France,FRA,2021-01-16,382326
France,FRA,2021-01-17,391910
France,FRA,2021-01-18,468073
France,FRA,2021-01-19,585735
France,FRA,2021-01-20,708973
France,FRA,2021-01-21,850380
France,FRA,2021-01-22,959716
France,FRA,2021-01-23,995147
France,FRA,2021-01-24,1003968
France,FRA,2021-01-25,1075045
France,FRA,2021-01-26,1171264
France,FRA,2021-01-27,1274711
France,FRA,2021-01-28,1396881
France,FRA,2021-01-29,1494643
France,FRA,2021-01-30,1525377
France,FRA,2021-01-31,1533630
France,FRA,2021-02-01,1609072
France,FRA,2021-02-02,1717385
Germany,DEU,2020-12-27,23860
Germany,DEU,2020-12-28,43695
Germany,DEU,2020-12-29,86941
Germany,DEU,2020-12-30,144698
Germany,DEU,2020-12-31,182756
Germany,DEU,2021-01-01,207247
Germany,DEU,2021-01-02,257932
Germany,DEU,2021-01-03,283079
Germany,DEU,2021-01-04,331822
Germany,DEU,2021-01-05,383878
Germany,DEU,2021-01-06,442287
Germany,DEU,2021-01-07,500880
Germany,DEU,2021-01-08,560625
Germany,DEU,2021-01-09,617125
Germany,DEU,2021-01-10,650348
Germany,DEU,2021-01-11,715826
Germany,DEU,2021-01-12,797691
Germany,DEU,2021-01-13,895871
Germany,DEU,2021-01-14,996301
Germany,DEU,2021-01-15,1089117
Germany,DEU,2021-01-16,1146008
Germany,DEU,2021-01-17,1190550
Germany,DEU,2021-01-18,1264683
Germany,DEU,2021-01-19,1358401
Germany,DEU,2021-01-20,1485802
Germany,DEU,2021-01-21,1579844
Germany,DEU,2021-01-22,1693179
Germany,DEU,2021-01-23,1783785
Germany,DEU,2021-01-24,1849345
Germany,DEU,2021-01-25,1945348
Germany,DEU,2021-01-26,2045994
Germany,DEU,2021-01-27,2154953
Germany,DEU,2021-01-28,2253492
Germany,DEU,2021-01-29,2358241
Germany,DEU,2021-01-30,2438081
Germany,DEU,2021-01-31,2499097
Germany,DEU,2021-02-01,2607533
Germany,DEU,2021-02-02,2713210
Gibraltar,GIB,2021-01-10,420
Gibraltar,GIB,2021-01-11,1445
Gibraltar,GIB,2021-01-12,2501
Gibraltar,GIB,2021-01-15,5135
Gibraltar,GIB,2021-01-16,5847
Gibraltar,GIB,2021-01-17,5847
Gibraltar,GIB,2021-01-18,6435
Gibraltar,GIB,2021-01-19,7017
Gibraltar,GIB,2021-01-20,7017
Gibraltar,GIB,2021-01-21,7947
Gibraltar,GIB,2021-01-22,8877
Gibraltar,GIB,2021-01-23,9807
Gibraltar,GIB,2021-01-24,10341
Gibraltar,GIB,2021-01-25,10539
Gibraltar,GIB,2021-01-26,11073
Gibraltar,GIB,2021-01-27,11607
Gibraltar,GIB,2021-01-28,12332
Gibraltar,GIB,2021-01-29,12866
Gibraltar,GIB,2021-01-30,12866
Gibraltar,GIB,2021-01-31,13286
Gibraltar,GIB,2021-02-01,14299
Gibraltar,GIB,2021-02-02,15391
Greece,GRC,2020-12-28,386
Greece,GRC,2020-12-29,1056
Greece,GRC,2020-12-30,1709
Greece,GRC,2020-12-31,2313
Greece,GRC,2021-01-01,2591
Greece,GRC,2021-01-02,3132
Greece,GRC,2021-01-03,3843
Greece,GRC,2021-01-04,9975
Greece,GRC,2021-01-05,16233
Greece,GRC,2021-01-06,20466
Greece,GRC,2021-01-07,26006
Greece,GRC,2021-01-08,34787
Greece,GRC,2021-01-09,40163
Greece,GRC,2021-01-10,44080
Greece,GRC,2021-01-11,49645
Greece,GRC,2021-01-12,56199
Greece,GRC,2021-01-13,64619
Greece,GRC,2021-01-14,70695
Greece,GRC,2021-01-15,75276
Greece,GRC,2021-01-16,79744
Greece,GRC,2021-01-18,85223
Greece,GRC,2021-01-19,93179
Greece,GRC,2021-01-20,107335
Greece,GRC,2021-01-21,123347
Greece,GRC,2021-01-22,140870
Greece,GRC,2021-01-23,157388
Greece,GRC,2021-01-25,177377
Greece,GRC,2021-01-26,195783
Greece,GRC,2021-01-27,213735
Greece,GRC,2021-01-28,232070
Greece,GRC,2021-01-29,251303
Greece,GRC,2021-01-30,269106
Greece,GRC,2021-02-01,290947
Greece,GRC,2021-02-02,315661
Greece,GRC,2021-02-03,338155
Greenland,GRL,2021-01-27,2584
Guernsey,GGY,2021-01-24,6673
Hungary,HUN,2020-12-28,1094
Hungary,HUN,2020-12-29,2461
Hungary,HUN,2020-12-30,3789
Hungary,HUN,2020-12-31,5110
Hungary,HUN,2021-01-03,12000
Hungary,HUN,2021-01-04,15000
Hungary,HUN,2021-01-05,21000
Hungary,HUN,2021-01-06,31500
Hungary,HUN,2021-01-07,42549
Hungary,HUN,2021-01-10,71000
Hungary,HUN,2021-01-11,78579
Hungary,HUN,2021-01-12,86929
Hungary,HUN,2021-01-13,96101
Hungary,HUN,2021-01-14,105728
Hungary,HUN,2021-01-15,112847
Hungary,HUN,2021-01-16,119944
Hungary,HUN,2021-01-17,123188
Hungary,HUN,2021-01-18,131332
Hungary,HUN,2021-01-19,133257
Hungary,HUN,2021-01-20,138584
Hungary,HUN,2021-01-21,144798
Hungary,HUN,2021-01-22,150128
Hungary,HUN,2021-01-23,153392
Hungary,HUN,2021-01-24,156098
Hungary,HUN,2021-01-25,162315
Hungary,HUN,2021-01-26,170476
Hungary,HUN,2021-01-27,187508
Hungary,HUN,2021-01-28,213010
Hungary,HUN,2021-01-29,247889
Hungary,HUN,2021-01-30,278830
Hungary,HUN,2021-01-31,299138
Hungary,HUN,2021-02-01,311662
Hungary,HUN,2021-02-02,322306
Hungary,HUN,2021-02-03,334130
Iceland,ISL,2020-12-30,4875
Iceland,ISL,2021-01-20,6205
Iceland,ISL,2021-01-25,15220
Iceland,ISL,2021-01-27,15522
Iceland,ISL,2021-02-03,16951
India,IND,2021-01-15,0
India,IND,2021-01-16,191181
India,IND,2021-01-17,224301
India,IND,2021-01-18,454049
India,IND,2021-01-19,674835
India,IND,2021-01-20,806484
India,IND,2021-01-21,1043534
India,IND,2021-01-22,1390592
India,IND,2021-01-23,1582201
India,IND,2021-01-24,1615504
India,IND,2021-01-25,2023809
India,IND,2021-01-26,2029480
India,IND,2021-01-27,2355979
India,IND,2021-01-28,2928053
India,IND,2021-01-29,3500027
India,IND,2021-01-30,3744334
India,IND,2021-01-31,3758843
India,IND,2021-02-01,3950156
India,IND,2021-02-02,4138918
India,IND,2021-02-03,4449552
Indonesia,IDN,2021-01-12,0
Indonesia,IDN,2021-01-22,132000
Indonesia,IDN,2021-01-24,149242
Indonesia,IDN,2021-01-25,161959
Indonesia,IDN,2021-01-26,245685
Indonesia,IDN,2021-01-27,308003
Indonesia,IDN,2021-01-28,373786
Indonesia,IDN,2021-01-29,416299
Indonesia,IDN,2021-01-30,502955
Indonesia,IDN,2021-01-31,515681
Indonesia,IDN,2021-02-01,574938
Indonesia,IDN,2021-02-02,648259
Indonesia,IDN,2021-02-03,717647
Ireland,IRL,2020-12-31,1800
Ireland,IRL,2021-01-04,4000
Ireland,IRL,2021-01-07,15314
Ireland,IRL,2021-01-10,40000
Ireland,IRL,2021-01-13,77303
Ireland,IRL,2021-01-17,94000
Ireland,IRL,2021-01-20,121900
Ireland,IRL,2021-01-24,143000
Ireland,IRL,2021-01-27,161500
Ireland,IRL,2021-01-31,199800
Isle of Man,IMN,2021-01-21,3558
Isle of Man,IMN,2021-01-22,3648
Isle of Man,IMN,2021-01-25,4209
Isle of Man,IMN,2021-01-26,4886
Isle of Man,IMN,2021-01-27,5587
Isle of Man,IMN,2021-01-28,6281
Isle of Man,IMN,2021-01-29,6859
Isle of Man,IMN,2021-02-02,8302
Isle of Man,IMN,2021-02-03,9563
Israel,ISR,2020-12-19,57
Israel,ISR,2020-12-20,7370
Israel,ISR,2020-12-21,32127
Israel,ISR,2020-12-22,76387
Israel,ISR,2020-12-23,138090
Israel,ISR,2020-12-24,210293
Israel,ISR,2020-12-25,248045
Israel,ISR,2020-12-26,280075
Israel,ISR,2020-12-27,383374
Israel,ISR,2020-12-28,516067
Israel,ISR,2020-12-29,669952
Israel,ISR,2020-12-30,820367
Israel,ISR,2020-12-31,976778
Israel,ISR,2021-01-01,1047309
Israel,ISR,2021-01-02,1118253
Israel,ISR,2021-01-03,1264960
Israel,ISR,2021-01-04,1404635
Israel,ISR,2021-01-05,1527615
Israel,ISR,2021-01-06,1628389
Israel,ISR,2021-01-07,1742130
Israel,ISR,2021-01-08,1807470
Israel,ISR,2021-01-09,1851426
Israel,ISR,2021-01-10,1894282
Israel,ISR,2021-01-11,1933637
Israel,ISR,2021-01-12,1992412
Israel,ISR,2021-01-13,2099353
Israel,ISR,2021-01-14,2222312
Israel,ISR,2021-01-15,2287823
Israel,ISR,2021-01-16,2342448
Israel,ISR,2021-01-17,2492880
Israel,ISR,2021-01-18,2679596
Israel,ISR,2021-01-19,2886699
Israel,ISR,2021-01-20,3104197
Israel,ISR,2021-01-21,3334962
Israel,ISR,2021-01-22,3442931
Israel,ISR,2021-01-23,3535751
Israel,ISR,2021-01-24,3742757
Israel,ISR,2021-01-25,3960313
Israel,ISR,2021-01-26,4162169
Israel,ISR,2021-01-27,4363008
Israel,ISR,2021-01-28,4571547
Israel,ISR,2021-01-29,4672215
Israel,ISR,2021-01-30,4748867
Israel,ISR,2021-01-31,4880813
Israel,ISR,2021-02-01,4997639
Israel,ISR,2021-02-02,5097767
Israel,ISR,2021-02-03,5205176
Italy,ITA,2020-12-27,7009
Italy,ITA,2020-12-28,7962
Italy,ITA,2020-12-29,8868
Italy,ITA,2020-12-30,13465
Italy,ITA,2020-12-31,38626
Italy,ITA,2021-01-01,49539
Italy,ITA,2021-01-02,87422
Italy,ITA,2021-01-03,122235
Italy,ITA,2021-01-04,189897
Italy,ITA,2021-01-05,268702
Italy,ITA,2021-01-06,333425
Italy,ITA,2021-01-07,424550
Italy,ITA,2021-01-08,519155
Italy,ITA,2021-01-09,605565
Italy,ITA,2021-01-10,665633
Italy,ITA,2021-01-11,745876
Italy,ITA,2021-01-12,826215
Italy,ITA,2021-01-13,918598
Italy,ITA,2021-01-14,1009792
Italy,ITA,2021-01-15,1097049
Italy,ITA,2021-01-16,1160329
Italy,ITA,2021-01-17,1196180
Italy,ITA,2021-01-18,1237570
Italy,ITA,2021-01-19,1269152
Italy,ITA,2021-01-20,1298366
Italy,ITA,2021-01-21,1332575
Italy,ITA,2021-01-22,1358013
Italy,ITA,2021-01-23,1396128
Italy,ITA,2021-01-24,1429621
Italy,ITA,2021-01-25,1497598
Italy,ITA,2021-01-26,1576750
Italy,ITA,2021-01-27,1646513
Italy,ITA,2021-01-28,1738684
Italy,ITA,2021-01-29,1834066
Italy,ITA,2021-01-30,1920878
Italy,ITA,2021-01-31,1979122
Italy,ITA,2021-02-01,2060450
Italy,ITA,2021-02-02,2143038
Italy,ITA,2021-02-03,2233982
Jersey,JEY,2021-01-24,11385
Kuwait,KWT,2020-12-28,2500
Kuwait,KWT,2021-01-26,35000
Latvia,LVA,2020-12-28,595
Latvia,LVA,2020-12-29,1469
Latvia,LVA,2020-12-30,2261
Latvia,LVA,2021-01-04,2960
Latvia,LVA,2021-01-05,3849
Latvia,LVA,2021-01-06,4625
Latvia,LVA,2021-01-07,5434
Latvia,LVA,2021-01-08,6339
Latvia,LVA,2021-01-09,6644
Latvia,LVA,2021-01-10,6980
Latvia,LVA,2021-01-11,8346
Latvia,LVA,2021-01-12,9973
Latvia,LVA,2021-01-13,11480
Latvia,LVA,2021-01-14,13297
Latvia,LVA,2021-01-15,15162
Latvia,LVA,2021-01-16,15825
Latvia,LVA,2021-01-17,15942
Latvia,LVA,2021-01-18,16785
Latvia,LVA,2021-01-19,17661
Latvia,LVA,2021-01-20,18431
Latvia,LVA,2021-01-21,18710
Latvia,LVA,2021-01-22,18923
Latvia,LVA,2021-01-23,19048
Latvia,LVA,2021-01-25,19715
Latvia,LVA,2021-01-26,20563
Latvia,LVA,2021-01-27,21381
Latvia,LVA,2021-01-28,22160
Latvia,LVA,2021-01-29,23122
Latvia,LVA,2021-01-30,23430
Latvia,LVA,2021-01-31,23763
Latvia,LVA,2021-02-01,24949
Latvia,LVA,2021-02-02,26757
Latvia,LVA,2021-02-03,28313
Lithuania,LTU,2020-12-27,2418
Lithuania,LTU,2020-12-28,5203
Lithuania,LTU,2020-12-29,8189
Lithuania,LTU,2020-12-30,9722
Lithuania,LTU,2020-12-31,9747
Lithuania,LTU,2021-01-05,10369
Lithuania,LTU,2021-01-06,13866
Lithuania,LTU,2021-01-07,18020
Lithuania,LTU,2021-01-08,23190
Lithuania,LTU,2021-01-09,23494
Lithuania,LTU,2021-01-10,23497
Lithuania,LTU,2021-01-11,25703
Lithuania,LTU,2021-01-12,27788
Lithuania,LTU,2021-01-13,33884
Lithuania,LTU,2021-01-14,42488
Lithuania,LTU,2021-01-15,49717
Lithuania,LTU,2021-01-16,50806
Lithuania,LTU,2021-01-17,51936
Lithuania,LTU,2021-01-18,56434
Lithuania,LTU,2021-01-19,62701
Lithuania,LTU,2021-01-20,66169
Lithuania,LTU,2021-01-21,67668
Lithuania,LTU,2021-01-22,68017
Lithuania,LTU,2021-01-23,68025
Lithuania,LTU,2021-01-25,68062
Lithuania,LTU,2021-01-26,71153
Lithuania,LTU,2021-01-27,78034
Lithuania,LTU,2021-01-28,85076
Lithuania,LTU,2021-01-29,93057
Lithuania,LTU,2021-01-30,93661
Lithuania,LTU,2021-01-31,93669
Lithuania,LTU,2021-02-01,96534
Lithuania,LTU,2021-02-02,100263
Lithuania,LTU,2021-02-03,106045
Luxembourg,LUX,2020-12-30,1200
Luxembourg,LUX,2021-01-11,1943
Luxembourg,LUX,2021-01-12,2372
Luxembourg,LUX,2021-01-13,2871
Luxembourg,LUX,2021-01-14,3233
Luxembourg,LUX,2021-01-17,3755
Luxembourg,LUX,2021-01-18,4569
Luxembourg,LUX,2021-01-19,5294
Luxembourg,LUX,2021-01-20,6193
Luxembourg,LUX,2021-01-21,6897
Luxembourg,LUX,2021-01-25,8554
Luxembourg,LUX,2021-01-26,9525
Luxembourg,LUX,2021-01-27,10449
Luxembourg,LUX,2021-01-28,11373
Luxembourg,LUX,2021-01-31,12428
Luxembourg,LUX,2021-02-01,13241
Luxembourg,LUX,2021-02-02,14252
Maldives,MDV,2021-01-31,0
Maldives,MDV,2021-02-01,36
Malta,MLT,2020-12-28,130
Malta,MLT,2021-01-04,1940
Malta,MLT,2021-01-11,4870
Malta,MLT,2021-01-15,9496
Malta,MLT,2021-01-17,11705
Malta,MLT,2021-01-18,13002
Malta,MLT,2021-01-19,14276
Malta,MLT,2021-01-20,15316
Malta,MLT,2021-01-21,16531
Malta,MLT,2021-01-22,17767
Malta,MLT,2021-01-23,18930
Malta,MLT,2021-01-24,19981
Malta,MLT,2021-01-25,21172
Malta,MLT,2021-01-26,22371
Malta,MLT,2021-01-27,23512
Malta,MLT,2021-01-28,24680
Malta,MLT,2021-01-29,25822
Malta,MLT,2021-01-30,26847
Malta,MLT,2021-02-01,27759
Malta,MLT,2021-02-02,29002
Malta,MLT,2021-02-03,30252
Mexico,MEX,2020-12-24,2924
Mexico,MEX,2020-12-27,6824
Mexico,MEX,2020-12-28,9579
Mexico,MEX,2020-12-29,18529
Mexico,MEX,2020-12-30,24998
Mexico,MEX,2021-01-04,43960
Mexico,MEX,2021-01-05,48236
Mexico,MEX,2021-01-06,53185
Mexico,MEX,2021-01-07,58402
Mexico,MEX,2021-01-08,67468
Mexico,MEX,2021-01-09,74794
Mexico,MEX,2021-01-10,81300
Mexico,MEX,2021-01-11,87060
Mexico,MEX,2021-01-12,92879
Mexico,MEX,2021-01-13,192567
Mexico,MEX,2021-01-14,329983
Mexico,MEX,2021-01-15,417375
Mexico,MEX,2021-01-16,463246
Mexico,MEX,2021-01-17,472142
Mexico,MEX,2021-01-18,492529
Mexico,MEX,2021-01-19,498122
Mexico,MEX,2021-01-20,501030
Mexico,MEX,2021-01-21,552335
Mexico,MEX,2021-01-22,614808
Mexico,MEX,2021-01-23,618768
Mexico,MEX,2021-01-24,629626
Mexico,MEX,2021-01-25,645105
Mexico,MEX,2021-01-26,652319
Mexico,MEX,2021-01-27,656044
Mexico,MEX,2021-01-28,657842
Mexico,MEX,2021-01-29,662217
Mexico,MEX,2021-01-30,670307
Mexico,MEX,2021-01-31,673327
Mexico,MEX,2021-02-01,675202
Mexico,MEX,2021-02-02,677539
Mexico,MEX,2021-02-03,686601
Monaco,MCO,2020-12-30,0
Monaco,MCO,2021-01-18,2400
Morocco,MAR,2021-01-28,0
Morocco,MAR,2021-01-30,90000
Morocco,MAR,2021-01-31,126000
Morocco,MAR,2021-02-01,200081
Morocco,MAR,2021-02-02,257291
Morocco,MAR,2021-02-03,308398
Myanmar,MMR,2021-01-26,0
Myanmar,MMR,2021-01-27,3800
Nepal,NPL,2021-01-26,0
Nepal,NPL,2021-02-01,113175
Netherlands,NLD,2021-01-06,6000
Netherlands,NLD,2021-01-07,15000
Netherlands,NLD,2021-01-08,27000
Netherlands,NLD,2021-01-09,30000
Netherlands,NLD,2021-01-10,34000
Netherlands,NLD,2021-01-11,35500
Netherlands,NLD,2021-01-12,45000
Netherlands,NLD,2021-01-13,47000
Netherlands,NLD,2021-01-15,55000
Netherlands,NLD,2021-01-17,77000
Netherlands,NLD,2021-01-20,100000
Netherlands,NLD,2021-01-22,135000
Netherlands,NLD,2021-01-24,146612
Netherlands,NLD,2021-01-31,176286
Netherlands,NLD,2021-02-01,248055
Netherlands,NLD,2021-02-02,277275
Netherlands,NLD,2021-02-03,303702
Northern Cyprus,OWID_CYN,2021-01-14,0
Northern Cyprus,OWID_CYN,2021-01-19,4968
Northern Cyprus,OWID_CYN,2021-01-22,11000
Northern Ireland,,2020-12-13,3623
Northern Ireland,,2020-12-20,16068
Northern Ireland,,2020-12-27,31016
Northern Ireland,,2021-01-03,41956
Northern Ireland,,2021-01-10,91954
Northern Ireland,,2021-01-11,99475
Northern Ireland,,2021-01-12,109257
Northern Ireland,,2021-01-13,121711
Northern Ireland,,2021-01-14,133831
Northern Ireland,,2021-01-15,137380
Northern Ireland,,2021-01-16,140561
Northern Ireland,,2021-01-17,146733
Northern Ireland,,2021-01-18,154436
Northern Ireland,,2021-01-19,160396
Northern Ireland,,2021-01-20,166538
Northern Ireland,,2021-01-21,173549
Northern Ireland,,2021-01-22,177026
Northern Ireland,,2021-01-23,178331
Northern Ireland,,2021-01-24,182355
Northern Ireland,,2021-01-25,186112
Northern Ireland,,2021-01-26,191050
Northern Ireland,,2021-01-27,199211
Northern Ireland,,2021-01-28,220201
Northern Ireland,,2021-01-29,228211
Northern Ireland,,2021-01-30,238924
Northern Ireland,,2021-01-31,246421
Northern Ireland,,2021-02-01,258311
Northern Ireland,,2021-02-02,271826
Norway,NOR,2020-12-27,5
Norway,NOR,2020-12-28,605
Norway,NOR,2020-12-29,1673
Norway,NOR,2020-12-30,2096
Norway,NOR,2020-12-31,2168
Norway,NOR,2021-01-01,2174
Norway,NOR,2021-01-02,2174
Norway,NOR,2021-01-03,2174
Norway,NOR,2021-01-04,2175
Norway,NOR,2021-01-05,5610
Norway,NOR,2021-01-06,14616
Norway,NOR,2021-01-07,21169
Norway,NOR,2021-01-08,22783
Norway,NOR,2021-01-09,22915
Norway,NOR,2021-01-10,23022
Norway,NOR,2021-01-11,23364
Norway,NOR,2021-01-12,27647
Norway,NOR,2021-01-13,37331
Norway,NOR,2021-01-14,45707
Norway,NOR,2021-01-15,50176
Norway,NOR,2021-01-16,50905
Norway,NOR,2021-01-17,51254
Norway,NOR,2021-01-18,52796
Norway,NOR,2021-01-19,58086
Norway,NOR,2021-01-20,68701
Norway,NOR,2021-01-21,77099
Norway,NOR,2021-01-22,80338
Norway,NOR,2021-01-23,80691
Norway,NOR,2021-01-24,80756
Norway,NOR,2021-01-25,81330
Norway,NOR,2021-01-26,85416
Norway,NOR,2021-01-27,103670
Norway,NOR,2021-01-28,120465
Norway,NOR,2021-01-29,125903
Norway,NOR,2021-01-30,126178
Norway,NOR,2021-01-31,126307
Norway,NOR,2021-02-01,126714
Norway,NOR,2021-02-02,134974
Oman,OMN,2020-12-28,1717
Oman,OMN,2020-12-29,3363
Oman,OMN,2020-12-30,5043
Oman,OMN,2020-12-31,6516
Oman,OMN,2021-01-02,7231
Oman,OMN,2021-01-03,8826
Oman,OMN,2021-01-04,10728
Oman,OMN,2021-01-05,12751
Oman,OMN,2021-01-06,14005
Oman,OMN,2021-01-07,14911
Oman,OMN,2021-01-08,14980
Oman,OMN,2021-01-09,15023
Oman,OMN,2021-01-10,15907
Oman,OMN,2021-01-11,18287
Oman,OMN,2021-01-12,20649
Oman,OMN,2021-01-13,22749
Oman,OMN,2021-01-14,24204
Oman,OMN,2021-01-16,24773
Oman,OMN,2021-01-17,25446
Oman,OMN,2021-01-18,26758
Oman,OMN,2021-01-19,28049
Oman,OMN,2021-01-20,29548
Oman,OMN,2021-01-23,30675
Oman,OMN,2021-01-24,32765
Oman,OMN,2021-01-25,34606
Oman,OMN,2021-01-26,36206
Oman,OMN,2021-01-27,37045
Panama,PAN,2021-01-19,0
Panama,PAN,2021-01-20,6
Panama,PAN,2021-01-21,2728
Panama,PAN,2021-01-22,5081
Panama,PAN,2021-01-23,5594
Panama,PAN,2021-01-24,6420
Poland,POL,2020-12-28,2000
Poland,POL,2020-12-29,6300
Poland,POL,2020-12-30,36300
Poland,POL,2020-12-31,47600
Poland,POL,2021-01-02,50391
Poland,POL,2021-01-03,50833
Poland,POL,2021-01-04,92220
Poland,POL,2021-01-05,140226
Poland,POL,2021-01-06,160359
Poland,POL,2021-01-07,188956
Poland,POL,2021-01-08,198787
Poland,POL,2021-01-09,200022
Poland,POL,2021-01-10,203053
Poland,POL,2021-01-11,257834
Poland,POL,2021-01-12,309620
Poland,POL,2021-01-13,369212
Poland,POL,2021-01-14,410480
Poland,POL,2021-01-15,436963
Poland,POL,2021-01-16,457303
Poland,POL,2021-01-17,469466
Poland,POL,2021-01-18,495164
Poland,POL,2021-01-19,541229
Poland,POL,2021-01-20,591785
Poland,POL,2021-01-21,644999
Poland,POL,2021-01-22,684277
Poland,POL,2021-01-23,701164
Poland,POL,2021-01-24,707474
Poland,POL,2021-01-25,776987
Poland,POL,2021-01-26,905457
Poland,POL,2021-01-27,1008253
Poland,POL,2021-01-28,1097036
Poland,POL,2021-01-29,1141081
Poland,POL,2021-01-30,1156931
Poland,POL,2021-01-31,1176904
Poland,POL,2021-02-01,1231716
Poland,POL,2021-02-02,1342435
Portugal,PRT,2020-12-28,4828
Portugal,PRT,2020-12-29,16701
Portugal,PRT,2020-12-30,26850
Portugal,PRT,2021-01-03,32000
Portugal,PRT,2021-01-06,42035
Portugal,PRT,2021-01-08,70000
Portugal,PRT,2021-01-15,106000
Portugal,PRT,2021-01-22,212000
Portugal,PRT,2021-01-23,232725
Portugal,PRT,2021-01-26,263499
Portugal,PRT,2021-01-27,278413
Portugal,PRT,2021-01-28,296004
Portugal,PRT,2021-01-29,315737
Portugal,PRT,2021-01-30,330233
Portugal,PRT,2021-01-31,336771
Portugal,PRT,2021-02-01,338566
Portugal,PRT,2021-02-03,350945
Romania,ROU,2020-12-28,2066
Romania,ROU,2020-12-29,2778
Romania,ROU,2020-12-30,5666
Romania,ROU,2020-12-31,10289
Romania,ROU,2021-01-01,11656
Romania,ROU,2021-01-02,13242
Romania,ROU,2021-01-03,13596
Romania,ROU,2021-01-04,25508
Romania,ROU,2021-01-05,41609
Romania,ROU,2021-01-06,58554
Romania,ROU,2021-01-07,76400
Romania,ROU,2021-01-08,92706
Romania,ROU,2021-01-09,102301
Romania,ROU,2021-01-10,108294
Romania,ROU,2021-01-11,125190
Romania,ROU,2021-01-12,140447
Romania,ROU,2021-01-13,154268
Romania,ROU,2021-01-14,167612
Romania,ROU,2021-01-15,183669
Romania,ROU,2021-01-16,196090
Romania,ROU,2021-01-17,205060
Romania,ROU,2021-01-18,235239
Romania,ROU,2021-01-19,270046
Romania,ROU,2021-01-20,308384
Romania,ROU,2021-01-21,348096
Romania,ROU,2021-01-22,385936
Romania,ROU,2021-01-23,418885
Romania,ROU,2021-01-24,446285
Romania,ROU,2021-01-25,484631
Romania,ROU,2021-01-26,528378
Romania,ROU,2021-01-27,570704
Romania,ROU,2021-01-28,609396
Romania,ROU,2021-01-29,647000
Romania,ROU,2021-01-30,672396
Romania,ROU,2021-01-31,691415
Romania,ROU,2021-02-01,721184
Romania,ROU,2021-02-02,748732
Romania,ROU,2021-02-03,772202
Russia,RUS,2020-12-15,28500
Russia,RUS,2020-12-22,52000
Russia,RUS,2021-01-02,800000
Russia,RUS,2021-01-13,1000000
Saint Helena,SHN,2021-02-03,107
Saudi Arabia,SAU,2021-01-06,100000
Saudi Arabia,SAU,2021-01-07,137862
Saudi Arabia,SAU,2021-01-11,178337
Saudi Arabia,SAU,2021-01-17,295530
Saudi Arabia,SAU,2021-01-29,391643
Saudi Arabia,SAU,2021-02-01,440618
Scotland,,2020-12-13,18967
Scotland,,2020-12-20,59832
Scotland,,2020-12-27,94173
Scotland,,2021-01-03,115533
Scotland,,2021-01-10,166135
Scotland,,2021-01-11,178799
Scotland,,2021-01-12,194955
Scotland,,2021-01-13,211397
Scotland,,2021-01-14,228171
Scotland,,2021-01-17,268689
Scotland,,2021-01-18,288468
Scotland,,2021-01-19,314079
Scotland,,2021-01-20,339337
Scotland,,2021-01-21,363143
Scotland,,2021-01-22,385855
Scotland,,2021-01-23,409421
Scotland,,2021-01-24,420940
Scotland,,2021-01-25,443960
Scotland,,2021-01-26,468688
Scotland,,2021-01-27,498441
Scotland,,2021-01-28,522950
Scotland,,2021-01-29,551008
Scotland,,2021-01-30,574063
Scotland,,2021-01-31,583746
Scotland,,2021-02-01,619123
Scotland,,2021-02-02,658020
Serbia,SRB,2021-01-08,7000
Serbia,SRB,2021-01-10,9300
Serbia,SRB,2021-01-14,18136
Serbia,SRB,2021-01-20,44611
Serbia,SRB,2021-01-21,84832
Serbia,SRB,2021-01-22,119711
Serbia,SRB,2021-01-23,163355
Serbia,SRB,2021-01-24,217800
Serbia,SRB,2021-01-25,256521
Serbia,SRB,2021-01-26,319504
Serbia,SRB,2021-01-27,361830
Serbia,SRB,2021-01-28,401556
Serbia,SRB,2021-01-29,430759
Serbia,SRB,2021-01-30,437380
Serbia,SRB,2021-02-02,495964
Serbia,SRB,2021-02-03,513652
Seychelles,SYC,2021-01-09,0
Seychelles,SYC,2021-01-13,2000
Seychelles,SYC,2021-01-15,4000
Seychelles,SYC,2021-01-16,7000
Seychelles,SYC,2021-01-19,10976
Seychelles,SYC,2021-01-20,13163
Seychelles,SYC,2021-01-22,16890
Seychelles,SYC,2021-01-23,18353
Seychelles,SYC,2021-01-25,19889
Seychelles,SYC,2021-01-26,22712
Seychelles,SYC,2021-01-27,25587
Seychelles,SYC,2021-01-28,28779
Seychelles,SYC,2021-01-29,30861
Singapore,SGP,2021-01-11,3400
Singapore,SGP,2021-01-12,6200
Singapore,SGP,2021-01-22,60000
Singapore,SGP,2021-01-27,113050
Singapore,SGP,2021-01-31,155050
Singapore,SGP,2021-02-02,181000
Slovakia,SVK,2021-01-04,0
Slovakia,SVK,2021-01-05,425
Slovakia,SVK,2021-01-06,6618
Slovakia,SVK,2021-01-07,13631
Slovakia,SVK,2021-01-08,20548
Slovakia,SVK,2021-01-09,22281
Slovakia,SVK,2021-01-10,25326
Slovakia,SVK,2021-01-11,29221
Slovakia,SVK,2021-01-12,39735
Slovakia,SVK,2021-01-13,46243
Slovakia,SVK,2021-01-14,53830
Slovakia,SVK,2021-01-15,61372
Slovakia,SVK,2021-01-16,62580
Slovakia,SVK,2021-01-17,62634
Slovakia,SVK,2021-01-18,71617
Slovakia,SVK,2021-01-19,78663
Slovakia,SVK,2021-01-20,85957
Slovakia,SVK,2021-01-21,92828
Slovakia,SVK,2021-01-22,99090
Slovakia,SVK,2021-01-23,99366
Slovakia,SVK,2021-01-24,99366
Slovakia,SVK,2021-01-25,107506
Slovakia,SVK,2021-01-26,114403
Slovakia,SVK,2021-01-27,121245
Slovakia,SVK,2021-01-28,131017
Slovakia,SVK,2021-01-29,142816
Slovakia,SVK,2021-01-30,143800
Slovakia,SVK,2021-01-31,144081
Slovakia,SVK,2021-02-01,155793
Slovakia,SVK,2021-02-02,168002
Slovakia,SVK,2021-02-03,179029
Slovenia,SVN,2020-12-26,1008
Slovenia,SVN,2020-12-27,5856
Slovenia,SVN,2020-12-28,7567
Slovenia,SVN,2020-12-29,8467
Slovenia,SVN,2020-12-30,8899
Slovenia,SVN,2020-12-31,10432
Slovenia,SVN,2021-01-01,10498
Slovenia,SVN,2021-01-02,10890
Slovenia,SVN,2021-01-03,11440
Slovenia,SVN,2021-01-04,12943
Slovenia,SVN,2021-01-05,15449
Slovenia,SVN,2021-01-06,20448
Slovenia,SVN,2021-01-07,25927
Slovenia,SVN,2021-01-08,28493
Slovenia,SVN,2021-01-09,28741
Slovenia,SVN,2021-01-10,28742
Slovenia,SVN,2021-01-11,29848
Slovenia,SVN,2021-01-12,31895
Slovenia,SVN,2021-01-13,36396
Slovenia,SVN,2021-01-14,43395
Slovenia,SVN,2021-01-15,46861
Slovenia,SVN,2021-01-16,47184
Slovenia,SVN,2021-01-17,47188
Slovenia,SVN,2021-01-18,47684
Slovenia,SVN,2021-01-19,50092
Slovenia,SVN,2021-01-20,54353
Slovenia,SVN,2021-01-21,58555
Slovenia,SVN,2021-01-22,60521
Slovenia,SVN,2021-01-23,61328
Slovenia,SVN,2021-01-24,61381
Slovenia,SVN,2021-01-25,61618
Slovenia,SVN,2021-01-26,63661
Slovenia,SVN,2021-01-27,68567
Slovenia,SVN,2021-01-28,74230
Slovenia,SVN,2021-01-29,77718
Slovenia,SVN,2021-01-30,77822
Slovenia,SVN,2021-01-31,77842
Slovenia,SVN,2021-02-01,78057
Slovenia,SVN,2021-02-02,78931
Spain,ESP,2021-01-04,82834
Spain,ESP,2021-01-05,139339
Spain,ESP,2021-01-07,207323
Spain,ESP,2021-01-08,277976
Spain,ESP,2021-01-11,406091
Spain,ESP,2021-01-12,488122
Spain,ESP,2021-01-13,581638
Spain,ESP,2021-01-14,676186
Spain,ESP,2021-01-15,768950
Spain,ESP,2021-01-18,897942
Spain,ESP,2021-01-19,966097
Spain,ESP,2021-01-20,1025937
Spain,ESP,2021-01-21,1103301
Spain,ESP,2021-01-22,1165825
Spain,ESP,2021-01-24,1237593
Spain,ESP,2021-01-25,1291216
Spain,ESP,2021-01-26,1356461
Spain,ESP,2021-01-27,1395618
Spain,ESP,2021-01-28,1474189
Spain,ESP,2021-01-31,1609261
Spain,ESP,2021-02-01,1673054
Spain,ESP,2021-02-02,1764778
Sri Lanka,LKA,2021-01-28,0
Sri Lanka,LKA,2021-01-29,5286
Sri Lanka,LKA,2021-01-30,37825
Sri Lanka,LKA,2021-01-31,59154
Sri Lanka,LKA,2021-02-01,95550
Sri Lanka,LKA,2021-02-02,118767
Sri Lanka,LKA,2021-02-03,139914
Sweden,SWE,2020-12-27,451
Sweden,SWE,2021-01-03,5266
Sweden,SWE,2021-01-10,32953
Sweden,SWE,2021-01-17,97358
Sweden,SWE,2021-01-24,190096
Sweden,SWE,2021-01-28,230517
Sweden,SWE,2021-01-29,248991
Sweden,SWE,2021-02-02,285257
Sweden,SWE,2021-02-03,298279
Switzerland,CHE,2020-12-23,0
Switzerland,CHE,2021-01-14,66000
Switzerland,CHE,2021-01-19,110000
Switzerland,CHE,2021-01-21,169783
Switzerland,CHE,2021-01-24,197368
Switzerland,CHE,2021-01-29,262081
Switzerland,CHE,2021-01-31,315033
Turkey,TUR,2021-01-13,0
Turkey,TUR,2021-01-14,279452
Turkey,TUR,2021-01-15,616652
Turkey,TUR,2021-01-16,676903
Turkey,TUR,2021-01-17,706451
Turkey,TUR,2021-01-18,832412
Turkey,TUR,2021-01-19,950635
Turkey,TUR,2021-01-20,1052493
Turkey,TUR,2021-01-21,1120258
Turkey,TUR,2021-01-22,1202212
Turkey,TUR,2021-01-23,1226883
Turkey,TUR,2021-01-24,1244653
Turkey,TUR,2021-01-25,1302753
Turkey,TUR,2021-01-26,1410273
Turkey,TUR,2021-01-27,1522580
Turkey,TUR,2021-01-28,1697575
Turkey,TUR,2021-01-29,1928351
Turkey,TUR,2021-01-30,1960860
Turkey,TUR,2021-01-31,1986237
Turkey,TUR,2021-02-01,2136299
Turkey,TUR,2021-02-02,2229233
Turkey,TUR,2021-02-03,2343280
United Arab Emirates,ARE,2021-01-05,826301
United Arab Emirates,ARE,2021-01-07,887697
United Arab Emirates,ARE,2021-01-08,941556
United Arab Emirates,ARE,2021-01-09,1020349
United Arab Emirates,ARE,2021-01-10,1086568
United Arab Emirates,ARE,2021-01-11,1167251
United Arab Emirates,ARE,2021-01-12,1275652
United Arab Emirates,ARE,2021-01-13,1394580
United Arab Emirates,ARE,2021-01-14,1527833
United Arab Emirates,ARE,2021-01-15,1665987
United Arab Emirates,ARE,2021-01-16,1797926
United Arab Emirates,ARE,2021-01-17,1882778
United Arab Emirates,ARE,2021-01-18,1971521
United Arab Emirates,ARE,2021-01-19,2065367
United Arab Emirates,ARE,2021-01-20,2161150
United Arab Emirates,ARE,2021-01-21,2246069
United Arab Emirates,ARE,2021-01-22,2339078
United Arab Emirates,ARE,2021-01-23,2426798
United Arab Emirates,ARE,2021-01-24,2487789
United Arab Emirates,ARE,2021-01-25,2571091
United Arab Emirates,ARE,2021-01-26,2677680
United Arab Emirates,ARE,2021-01-27,2764450
United Arab Emirates,ARE,2021-01-28,2868650
United Arab Emirates,ARE,2021-01-29,3006606
United Arab Emirates,ARE,2021-01-30,3114167
United Arab Emirates,ARE,2021-01-31,3334162
United Arab Emirates,ARE,2021-02-01,3440777
United Arab Emirates,ARE,2021-02-03,3564517
United Kingdom,GBR,2020-12-20,669674
United Kingdom,GBR,2020-12-27,996616
United Kingdom,GBR,2021-01-03,1389655
United Kingdom,GBR,2021-01-10,2677971
United Kingdom,GBR,2021-01-11,2843815
United Kingdom,GBR,2021-01-12,3067541
United Kingdom,GBR,2021-01-13,3356229
United Kingdom,GBR,2021-01-14,3678180
United Kingdom,GBR,2021-01-15,4006440
United Kingdom,GBR,2021-01-16,4286830
United Kingdom,GBR,2021-01-17,4514802
United Kingdom,GBR,2021-01-18,4723443
United Kingdom,GBR,2021-01-19,5070365
United Kingdom,GBR,2021-01-20,5437284
United Kingdom,GBR,2021-01-21,5849899
United Kingdom,GBR,2021-01-22,6329968
United Kingdom,GBR,2021-01-23,6822981
United Kingdom,GBR,2021-01-24,7044048
United Kingdom,GBR,2021-01-25,7325773
United Kingdom,GBR,2021-01-26,7638543
United Kingdom,GBR,2021-01-27,7953250
United Kingdom,GBR,2021-01-28,8369438
United Kingdom,GBR,2021-01-29,8859372
United Kingdom,GBR,2021-01-30,9468382
United Kingdom,GBR,2021-01-31,9790576
United Kingdom,GBR,2021-02-01,10143511
United Kingdom,GBR,2021-02-02,10520433
United States,USA,2020-12-20,556208
United States,USA,2020-12-21,614117
United States,USA,2020-12-23,1008025
United States,USA,2020-12-26,1944585
United States,USA,2020-12-28,2127143
United States,USA,2020-12-30,2794588
United States,USA,2021-01-02,4225756
United States,USA,2021-01-04,4563260
United States,USA,2021-01-05,4836469
United States,USA,2021-01-06,5306797
United States,USA,2021-01-07,5919418
United States,USA,2021-01-08,6688231
United States,USA,2021-01-11,8987322
United States,USA,2021-01-12,9327138
United States,USA,2021-01-13,10278462
United States,USA,2021-01-14,11148991
United States,USA,2021-01-15,12279180
United States,USA,2021-01-19,15707588
United States,USA,2021-01-20,16525281
United States,USA,2021-01-21,17546374
United States,USA,2021-01-22,19107959
United States,USA,2021-01-23,20537990
United States,USA,2021-01-24,21848655
United States,USA,2021-01-25,22734243
United States,USA,2021-01-26,23540994
United States,USA,2021-01-27,24652634
United States,USA,2021-01-28,26193682
United States,USA,2021-01-29,27884661
United States,USA,2021-01-30,29577902
United States,USA,2021-01-31,31123299
United States,USA,2021-02-01,32222402
United States,USA,2021-02-02,32780860
United States,USA,2021-02-03,33878254
Wales,,2020-12-13,8181
Wales,,2020-12-20,23575
Wales,,2020-12-27,35952
Wales,,2021-01-03,49957
Wales,,2021-01-10,86118
Wales,,2021-01-11,91336
Wales,,2021-01-12,101479
Wales,,2021-01-13,113094
Wales,,2021-01-14,126504
Wales,,2021-01-17,151938
Wales,,2021-01-18,162197
Wales,,2021-01-19,176186
Wales,,2021-01-20,190831
Wales,,2021-01-21,212732
Wales,,2021-01-22,241016
Wales,,2021-01-23,265054
Wales,,2021-01-24,271376
Wales,,2021-01-25,290147
Wales,,2021-01-26,312944
Wales,,2021-01-27,336745
Wales,,2021-01-28,362970
Wales,,2021-01-29,378950
Wales,,2021-01-30,404249
Wales,,2021-01-31,417147
Wales,,2021-02-01,440706
Wales,,2021-02-02,463657
World,OWID_WRL,2020-12-15,1528500
World,OWID_WRL,2020-12-19,1537291
World,OWID_WRL,2020-12-20,2770486
World,OWID_WRL,2020-12-21,2853152
World,OWID_WRL,2020-12-22,2920912
World,OWID_WRL,2020-12-23,3415488
World,OWID_WRL,2020-12-24,3502196
World,OWID_WRL,2020-12-25,3545191
World,OWID_WRL,2020-12-26,4543946
World,OWID_WRL,2020-12-27,5026959
World,OWID_WRL,2020-12-28,5392390
World,OWID_WRL,2020-12-29,5642177
World,OWID_WRL,2020-12-30,6612894
World,OWID_WRL,2020-12-31,9898433
World,OWID_WRL,2021-01-01,10010167
World,OWID_WRL,2021-01-02,12409736
World,OWID_WRL,2021-01-03,13044499
World,OWID_WRL,2021-01-04,13828573
World,OWID_WRL,2021-01-05,15362171
World,OWID_WRL,2021-01-06,16308015
World,OWID_WRL,2021-01-07,17542949
World,OWID_WRL,2021-01-08,18916732
World,OWID_WRL,2021-01-09,23742273
World,OWID_WRL,2021-01-10,25367117
World,OWID_WRL,2021-01-11,28439541
World,OWID_WRL,2021-01-12,29824166
World,OWID_WRL,2021-01-13,33248163
World,OWID_WRL,2021-01-14,35763860
World,OWID_WRL,2021-01-15,38492719
World,OWID_WRL,2021-01-16,39492708
World,OWID_WRL,2021-01-17,40386610
World,OWID_WRL,2021-01-18,41805740
World,OWID_WRL,2021-01-19,46835358
World,OWID_WRL,2021-01-20,54287962
World,OWID_WRL,2021-01-21,57428618
World,OWID_WRL,2021-01-22,61231220
World,OWID_WRL,2021-01-23,64194696
World,OWID_WRL,2021-01-24,66606255
World,OWID_WRL,2021-01-25,69274512
World,OWID_WRL,2021-01-26,71854712
World,OWID_WRL,2021-01-27,82937473
World,OWID_WRL,2021-01-28,87155055
World,OWID_WRL,2021-01-29,91487596
World,OWID_WRL,2021-01-30,95190511
World,OWID_WRL,2021-01-31,99341608
World,OWID_WRL,2021-02-01,102375261
World,OWID_WRL,2021-02-02,104823090
World,OWID_WRL,2021-02-03,107340447
